ClientName,ClientEmail,Gender,Phone,dateOfJoin,UserId
kush,kushbhardwaj8800@gmail.com,male,9654165886,24-Jan-20,DRI007
ankit,ankit@gmail.com,male,9810541200,25-Jan-20,DRI008
rishi,rishi@gmail.com,male,8860257021,26-Jan-20,DRI009
arun,arun@gmail.com,male,9910203040,27-Jan-20,DRI010
kushi,dev1@gmail.com,male,1000000000,28-Jan-20,DRI011
kushi,dev2@gmail.com,male,1000000001,29-Jan-20,DRI012
kushi,dev3@gmail.com,male,1000000002,30-Jan-20,DRI013
kushi,dev4@gmail.com,male,1000000003,31-Jan-20,DRI014
kushi,dev5@gmail.com,male,1000000004,01-Feb-20,DRI015
kushi,dev6@gmail.com,male,1000000005,02-Feb-20,DRI016
kushi,dev7@gmail.com,male,1000000006,03-Feb-20,DRI017
kushi,dev8@gmail.com,male,1000000007,04-Feb-20,DRI018
kushi,dev9@gmail.com,male,1000000008,05-Feb-20,DRI019
kushi,dev10@gmail.com,male,1000000009,06-Feb-20,DRI020
kushi,dev11@gmail.com,male,1000000010,07-Feb-20,DRI021
kushi,dev12@gmail.com,male,1000000011,08-Feb-20,DRI022
kushi,dev13@gmail.com,male,1000000012,09-Feb-20,DRI023
kushi,dev14@gmail.com,male,1000000013,10-Feb-20,DRI024
